{
  "MPAndroid": {
    "c_ttt0": 214.54,
    "c_ttt1": 303.56,
    "c_ttt2": 343.73,
    "c_ttt3": 373.51,
    "c_ttt4": 393.47,
    "c_ttt5": 401.32,
    "c_ttt6": 401.86,
    "c_ttt7": 399.71,
    "c_ttt8": 400.89,
    "c_ttt9": 403.00,
    "c_ttt10": 403.72,
    "u_ttt4": 1575.62,
    "c_ftt4": 379.21
  },
  "Mockito": {
    "c_ttt0": 445.235,
    "c_ttt1": 548.284,
    "c_ttt2": 626.61,
    "c_ttt3": 671.21,
    "c_ttt4": 774.68,
    "c_ttt5": 805.155,
    "c_ttt6": 876.038,
    "c_ttt7": 895.599,
    "c_ttt8": 910.24,
    "c_ttt9": 919.12,
    "c_ttt10": 933.52,
    "u_ttt4": 4590.26,
    "c_ftt4": 717.52
  },
  "Conductor": {
    "c_ttt0": 290.08099999999996,
    "c_ttt1": 335.94500000000005,
    "c_ttt2": 417.35999999999996,
    "c_ttt3": 462.1160000000001,
    "c_ttt4": 511.39599999999996,
    "c_ttt5": 530.2460000000001,
    "c_ttt6": 542.11,
    "c_ttt7": 544.35,
    "c_ttt8": 550.5600000000001,
    "c_ttt9": 556.647,
    "c_ttt10": 562.712,
    "u_ttt4": 1333.5290000000002,
    "c_ftt4": 472.79
  },
  "LitiEngine": {
    "c_ttt0": 308.976,
    "c_ttt1": 451.19800000000004,
    "c_ttt2": 555.893,
    "c_ttt3": 623.0390000000001,
    "c_ttt4": 699.7750000000001,
    "c_ttt5": 741.518,
    "c_ttt6": 781.5070000000001,
    "c_ttt7": 938.893,
    "c_ttt8": 967.864,
    "c_ttt9": 1012.4929999999999,
    "c_ttt10": 1028.057,
    "u_ttt4": 7695.068,
    "c_ftt4": 558.37
  },
  "EventBus": {
    "c_ttt0": 73.47500000000001,
    "c_ttt1": 86.93,
    "c_ttt2": 96.997,
    "c_ttt3": 97.00899999999999,
    "c_ttt4": 96.16900000000001,
    "c_ttt5": 97.25099999999999,
    "c_ttt6": 97.209,
    "c_ttt7": 96.64,
    "c_ttt8": 96.34299999999999,
    "c_ttt9": 97.24,
    "c_ttt10": 96.869,
    "u_ttt4": 229.85000000000002,
    "c_ftt4": 87.40
  },
  "Gson": {
    "c_ttt0": 125.967,
    "c_ttt1": 154.599,
    "c_ttt2": 162.126,
    "c_ttt3": 164.599,
    "c_ttt4": 165.90799999999996,
    "c_ttt5": 173.10399999999998,
    "c_ttt6": 176.467,
    "c_ttt7": 177.479,
    "c_ttt8": 182.26799999999997,
    "c_ttt9": 185.066,
    "c_ttt10": 189.023,
    "u_ttt4": 1372.3439999999998,
    "c_ftt4": 162.53
  },
  "Jadx": {
    "c_ttt0": 522.6909999999999,
    "c_ttt1": 869.0350000000001,
    "c_ttt2": 1075.685,
    "c_ttt3": 1182.591,
    "c_ttt4": 1210.6570000000004,
    "c_ttt5": 1207.714,
    "c_ttt6": 1210.291,
    "c_ttt7": 1198.7730000000001,
    "c_ttt8": 1220.3110000000001,
    "c_ttt9": 1212.99,
    "c_ttt10": 1213.171,
    "u_ttt4": 10224.983999999999,
    "c_ftt4": 999.19
  },
  "Zuul": {
    "c_ttt0": 29.21,
    "c_ttt1": 31.71,
    "c_ttt2": 36.77,
    "c_ttt3": 38.09,
    "c_ttt4": 39.48,
    "c_ttt5": 40.81,
    "c_ttt6": 40.11,
    "c_ttt7": 40.68,
    "c_ttt8": 43.82,
    "c_ttt9": 45.71,
    "c_ttt10": 45.81,
    "u_ttt4": 396.85,
    "c_ftt4": 38.43
  },
  "LottieAndroid": {
    "c_ttt0": 461.57,
    "c_ttt1": 561.6460000000001,
    "c_ttt2": 636.927,
    "c_ttt3": 683.718,
    "c_ttt4": 716.3260000000001,
    "c_ttt5": 741.8969999999999,
    "c_ttt6": 771.771,
    "c_ttt7": 761.1780000000001,
    "c_ttt8": 742.4909999999999,
    "c_ttt9": 772.7290000000002,
    "c_ttt10": 760.637,
    "u_ttt4": 3910.907,
    "c_ftt4": 646.37
  },
  "Retrofit": {
    "c_ttt0": 44.757999999999996,
    "c_ttt1": 45.463,
    "c_ttt2": 52.04900000000001,
    "c_ttt3": 52.037,
    "c_ttt4": 51.102000000000004,
    "c_ttt5": 51.725,
    "c_ttt6": 51.005,
    "c_ttt7": 50.941,
    "c_ttt8": 51.173,
    "c_ttt9": 51.379,
    "c_ttt10": 50.811,
    "u_ttt4": 81.912,
    "c_ftt4": 51.77
  },
  "SpringBoot": {
    "c_ttt0": 607.3369999999999,
    "c_ttt1": 931.9760000000001,
    "c_ttt2": 1112.789,
    "c_ttt3": 1236.055,
    "c_ttt4": 1302.6839999999997,
    "c_ttt5": 1421.746,
    "c_ttt6": 1490.2320000000002,
    "c_ttt7": 1529.5259999999998,
    "c_ttt8": 1547.7929999999997,
    "c_ttt9": 1582.336,
    "c_ttt10": 1599.951,
    "u_ttt4": 15307.205,
    "c_ftt4": 1123.14
  },
  "LibGdx": {
    "c_ttt0": 757.3090000000001,
    "c_ttt1": 1151.993,
    "c_ttt2": 1305.666,
    "c_ttt3": 1435.6559999999997,
    "c_ttt4": 1543.692,
    "c_ttt5": 1646.546,
    "c_ttt6": 1730.0939999999998,
    "c_ttt7": 1769.6060000000002,
    "c_ttt8": 1806.0339999999999,
    "c_ttt9": 1824.454,
    "c_ttt10": 1865.1789999999999,
    "c_ftt4": 1482.43,
    "u_ttt4": "time-out"
  },
  "Glide": {
    "c_ttt0": 313.30100000000004,
    "c_ttt1": 384.426,
    "c_ttt2": 499.88899999999995,
    "c_ttt3": 536.6410000000001,
    "c_ttt4": 573.339,
    "c_ttt5": 595.952,
    "c_ttt6": 609.409,
    "c_ttt7": 625.1039999999999,
    "c_ttt8": 639.5070000000002,
    "c_ttt9": 643.888,
    "c_ttt10": 648.8629999999999,
    "u_ttt4": 18362.81,
    "c_ftt4": 517.32
  },
  "UCrop": {
    "c_ttt0": 16.201999999999998,
    "c_ttt1": 16.201999999999998,
    "c_ttt2": 16.201999999999998,
    "c_ttt3": 16.201999999999998,
    "c_ttt4": 16.201999999999998,
    "c_ttt5": 16.201999999999998,
    "c_ttt6": 16.201999999999998,
    "c_ttt7": 16.201999999999998,
    "c_ttt8": 16.201999999999998,
    "c_ttt9": 16.201999999999998,
    "c_ttt10": 16.201999999999998,
    "u_ttt4": 16.201999999999998,
    "c_ftt4": 16.02
  },
  "Eureka": {
    "c_ttt0": 68.893,
    "c_ttt1": 68.893,
    "c_ttt2": 68.893,
    "c_ttt3": 68.893,
    "c_ttt4": 68.893,
    "c_ttt5": 68.893,
    "c_ttt6": 68.893,
    "c_ttt7": 68.893,
    "c_ttt8": 68.893,
    "c_ttt9": 68.893,
    "c_ttt10": 68.893,
    "u_ttt4": 68.893,
    "c_ftt4": 65.12
  }
}
