{
  "MPAndroid": {
    "deep_0": 202.50099999999998,
    "deep_1": 256.07899999999995,
    "deep_2": 290.615,
    "deep_3": 310.672,
    "deep_4": 333.25399999999996,
    "deep_5": 341.539,
    "deep_6": 340.57300000000004,
    "deep_7": 338.15999999999997,
    "deep_8": 340.85900000000004,
    "deep_9": 341.21799999999996,
    "deep_10": 337.846
  },
  "Mockito": {
    "deep_0": 540.77,
    "deep_1": 604.462,
    "deep_2": 660.277,
    "deep_3": 717.418,
    "deep_4": 749.501,
    "deep_5": 776.814,
    "deep_6": 801.9669999999999,
    "deep_7": 808.3059999999999,
    "deep_8": 823.973,
    "deep_9": 840.59,
    "deep_10": 857.6879999999999
  },
  "Conductor": {
    "deep_0": 352.495,
    "deep_1": 425.752,
    "deep_2": 441.153,
    "deep_3": 455.808,
    "deep_4": 473.142,
    "deep_5": 478.645,
    "deep_6": 490.6,
    "deep_7": 493.257,
    "deep_8": 498.6139999999999,
    "deep_9": 502.36199999999997,
    "deep_10": 507.6769999999999
  },
  "LitiEngine": {
    "deep_0": 294.011,
    "deep_1": 344.468,
    "deep_2": 393.239,
    "deep_3": 431.447,
    "deep_4": 460.268,
    "deep_5": 469.8740000000001,
    "deep_6": 487.83599999999996,
    "deep_7": 511.601,
    "deep_8": 526.846,
    "deep_9": 535.702,
    "deep_10": 548.158
  },
  "EventBus": {
    "deep_0": 67.90599999999999,
    "deep_1": 73.43199999999999,
    "deep_2": 72.22800000000001,
    "deep_3": 73.66199999999999,
    "deep_4": 73.21699999999998,
    "deep_5": 72.05499999999999,
    "deep_6": 72.331,
    "deep_7": 71.952,
    "deep_8": 73.02000000000001,
    "deep_9": 72.932,
    "deep_10": 72.45299999999999
  },
  "Gson": {
    "deep_0": 119.39300000000001,
    "deep_1": 143.36499999999998,
    "deep_2": 157.529,
    "deep_3": 159.177,
    "deep_4": 163.38600000000002,
    "deep_5": 167.21400000000003,
    "deep_6": 169.363,
    "deep_7": 175.64100000000002,
    "deep_8": 177.73400000000004,
    "deep_9": 181.35399999999998,
    "deep_10": 185.98600000000002
  },
  "Jadx": {
    "deep_0": 637.7550000000001,
    "deep_1": 754.8559999999999,
    "deep_2": 849.355,
    "deep_3": 946.51,
    "deep_4": 998.7110000000001,
    "deep_5": 994.9329999999999,
    "deep_6": 997.6610000000001,
    "deep_7": 993.9780000000001,
    "deep_8": 997.3639999999999,
    "deep_9": 999.0310000000001,
    "deep_10": 997.471
  },
  "Zuul": {
    "deep_0": 29.211000000000002,
    "deep_1": 29.211000000000002,
    "deep_2": 29.211000000000002,
    "deep_3": 29.211000000000002,
    "deep_4": 29.211000000000002,
    "deep_5": 29.211000000000002,
    "deep_6": 29.211000000000002,
    "deep_7": 29.211000000000002,
    "deep_8": 29.211000000000002,
    "deep_9": 29.211000000000002,
    "deep_10": 29.211000000000002
  },
  "LottieAndroid": {
    "deep_0": 454.1189999999999,
    "deep_1": 527.926,
    "deep_2": 557.1750000000001,
    "deep_3": 589.6550000000001,
    "deep_4": 611.904,
    "deep_5": 622.85,
    "deep_6": 618.981,
    "deep_7": 623.349,
    "deep_8": 632.937,
    "deep_9": 626.7190000000002,
    "deep_10": 621.522
  },
  "Retrofit": {
    "deep_0": 34.786,
    "deep_1": 37.365,
    "deep_2": 32.258,
    "deep_3": 31.405,
    "deep_4": 30.819999999999997,
    "deep_5": 29.959,
    "deep_6": 29.863,
    "deep_7": 29.714999999999996,
    "deep_8": 29.923000000000002,
    "deep_9": 30.116999999999997,
    "deep_10": 30.759999999999998
  },
  "SpringBoot": {
    "deep_0": 537.234,
    "deep_1": 651.3340000000001,
    "deep_2": 702.755,
    "deep_3": 698.421,
    "deep_4": 699.802,
    "deep_5": 712.310,
    "deep_6": 784.571,
    "deep_7": 784.621,
    "deep_8": 787.172,
    "deep_9": 791.515,
    "deep_10": 797.2330000000001
  },
  "LibGdx": {
    "deep_0": 739.23,
    "deep_1": 1005.92,
    "deep_2": 1118.5339999999999,
    "deep_3": 1222.434,
    "deep_4": 1312.3570000000002,
    "deep_5": 1371.1129999999998,
    "deep_6": 1424.3770000000004,
    "deep_7": 1473.712,
    "deep_8": 1506.8339999999998,
    "deep_9": 1541.002,
    "deep_10": 1577.7820000000002
  },
  "Glide": {
    "deep_0": 300.28,
    "deep_1": 356.62000000000006,
    "deep_2": 392.404,
    "deep_3": 422.45300000000003,
    "deep_4": 544.907,
    "deep_5": 452.5199999999999,
    "deep_6": 564.775,
    "deep_7": 471.22,
    "deep_8": 468.702,
    "deep_9": 472.145,
    "deep_10": 472.145
  },
  "UCrop": {
    "deep_0": 16.201999999999998,
    "deep_1": 16.201999999999998,
    "deep_2": 16.201999999999998,
    "deep_3": 16.201999999999998,
    "deep_4": 16.201999999999998,
    "deep_5": 16.201999999999998,
    "deep_6": 16.201999999999998,
    "deep_7": 16.201999999999998,
    "deep_8": 16.201999999999998,
    "deep_9": 16.201999999999998,
    "deep_10": 16.201999999999998
  },
  "Eureka": {
    "deep_0": 68.893,
    "deep_1": 68.893,
    "deep_2": 68.893,
    "deep_3": 68.893,
    "deep_4": 68.893,
    "deep_5": 68.893,
    "deep_6": 68.893,
    "deep_7": 68.893,
    "deep_8": 68.893,
    "deep_9": 68.893,
    "deep_10": 68.893
  }
}
